elapsed,lateral_mps2,longitudinal_mps2
0.667,0.4926436977406363,3.1327189243448537
0.947,1.5504574065343244,3.4849866486567245
1.127,2.063811348112677,3.5698047055010207
1.406,1.6353770894498805,3.1055035650623877
1.746,1.7291887744879413,2.701110880175308
2.187,1.3063841511438827,2.045597199553268
2.447,0.6142638821850201,1.5896530204832255
2.826,-1.3582621972658593,1.6992442667112906
3.227,-4.39835794876908,1.8548948058747623
3.567,-7.877766621643731,1.5569681614814623
3.767,-15.471078863561264,1.3394293708494875
4.067,-24.05372289070126,0.7590798913368991
4.347,-32.89345882250341,0.10024741120888281
4.547,-55.12895843726914,-0.45107841844150065
4.827,-56.52659031747959,-1.1364616368333915
5.007,-37.72820526341108,-1.354608865510037
5.227,-37.46390939725437,-1.2295772455106522
5.667,-28.67224042772698,-0.601177846028309
5.907,-18.89447810433938,0.026108860150680813
6.107,-15.581498289604603,0.48396528642976255
6.467,0.47205101530906607,1.052426732841856
6.567,14.867705209276776,1.1368460279320394
6.767,24.649481074407912,1.0681509511385388
7.047,26.47393238420976,0.6138588780900451
7.327,36.19246994345299,-0.32681408465330264
7.528,42.8852937353698,-0.7598710875858131
7.667,49.36929198698351,-0.9136847781355164
7.986,38.114329258738834,-0.5642159706147589
8.166,26.271865544978127,-0.4537336120356915
8.387,26.690472809998152,-0.317812669126726
8.647,17.465962642861435,-0.15231833017371565
8.846,6.019524354047783,-0.8125255310457524
9.046,-2.6286846081712594,-3.044875054235759
9.326,-10.430261654005484,-15.61423688097181
9.507,-13.056929179068453,-28.57927409653337
9.787,-13.526830494124793,-33.74580691438535
10.227,-13.78700951019406,-23.270705359737285
10.647,-17.794941090199558,-16.769447516604355
10.987,-29.04898157000506,-10.717093818892522
11.227,-42.94977028140564,-8.514789872102535
11.407,-41.7741694266267,-7.294284983649475
11.527,-41.29787042881693,-6.709932162099363
11.767,-37.28224606721027,-5.589905217278706
11.987,-20.43631125016199,-4.183002865370574
12.227,-14.323923024137487,-1.8644393870233094
12.727,-11.503778976316177,4.624674245241295
13.087,-10.730499402042877,5.32962621187082
13.427,-7.730224884044817,4.59633778639649
13.627,1.9814134070242388,3.462696285383217
13.907,12.448512693533278,0.8820825959069283
14.147,12.92708058086048,-1.6301893363904028
14.308,16.94231584979857,-4.794556706899039
14.746,20.0511293385898,-10.08217880416428
14.927,18.494949820253595,-8.681473371424318
15.106,23.34849670844886,-7.194927642944827
15.346,34.514971339670616,-5.608738414935523
15.626,34.31735679854667,-4.261396960974623
15.707,28.644398533763244,-3.888729451338261
16.007,21.293471338341917,-2.2373796653198244
16.387,15.329612788522324,1.4357776267859508
16.746,16.244815432185966,5.095154410646912
16.927,17.197009755566583,6.745080002623742
17.187,13.569105748254294,8.986473355394471
17.407,10.887737777911605,10.223124929590826
17.707,9.198264053201555,11.577235244770288
17.907,7.176493949972854,12.336226432950388
18.247,8.370375047866279,11.786847638962003
18.647,8.933350363692051,11.449736376667516
18.867,10.055312709844616,11.39092403350456
19.127,14.282131923948182,11.022324008255536
19.367,16.760868263489538,10.477376968989773
19.547,19.69595574588093,9.837968798682796
19.727,24.5687283140172,8.135869694701144
19.927,32.35567402410156,7.487727471272377
20.088,37.45848644014491,7.035538873223279
20.247,30.809890354566278,6.642528641300484
20.467,19.64031012745585,6.200503500835865
20.807,17.615860617148453,5.536569614096894
21.246,20.382064552452547,4.908292649083863
21.447,22.87165817796595,4.958879254433415
21.707,21.34368402240804,5.154791618863992
22.007,7.92900060352966,5.2745817743591
22.207,2.531282386902965,5.442487063972693
22.666,-0.8530357124296242,3.313124049417666
22.747,-2.127700043560761,3.5124056245063153
23.087,-2.4782089083564713,4.055318717896509
23.447,-1.2446950597442543,4.347192785667985
23.727,-0.6932701970867818,3.8376431902494557
23.887,-0.5756034385841755,3.2956477831529396
24.227,-0.5443673236585307,2.987576389661876
24.447,-0.7695443069022546,3.0616872840239124
24.727,-0.837112606464503,3.075362030801849
24.927,-0.7177669713181044,3.0656195442075087
25.227,-0.5688748919548777,2.6971562561703086
25.447,-0.22418425999821442,2.2574253695046993
25.748,0.40205724966748474,1.557164647805578
25.927,0.5356526867590475,1.6117211548933086
26.107,0.2534509109545642,1.7137881974947202
26.507,-0.134243910894558,1.8473042742254477
26.767,-0.5367355546358958,1.751677667096869
26.947,-1.3786284873646935,1.5278920545179244
27.148,-0.34182134043193413,0.8908804722833008
27.307,3.9396278706969188,0.5856543937411323
27.647,8.674226239341424,0.26637040125329436
27.906,12.051424632972163,-1.6710397974787594
28.166,20.58827064597352,-6.017483573584825
28.626,27.480557259138724,-23.81551705737848
28.807,34.71133761804988,-25.51873559901049
29.007,51.10820936576284,-23.694818834416274
29.307,56.98523502212637,-19.242104529597043
29.526,50.50855223093223,-15.33002814516769
29.687,38.55641366957271,-13.14695164285843
30.066,27.87768184999558,-9.295515222253833
30.447,30.15710625458679,-5.592586561167909
30.807,36.82704038720341,-1.8988057591474408
30.987,35.344476163804,-0.13814798434142642
31.247,24.839232630051267,3.1702953076387606
31.567,11.370950465043341,4.311286905058286
31.807,4.537553062737722,-1.3085928847005648
32.087,-8.73225292693964,-5.2342550759105
32.247,-26.74976231739481,-6.920224501359761
32.427,-44.108983551087945,-8.761497813196828
32.647,-41.51447687009997,-11.701597473490153
32.868,-31.24935340654271,-13.439326753959492
33.148,-22.699101656847784,-9.397679058198278
33.527,-17.26681835085001,-7.705842608329467
33.928,-23.784752479457417,-4.973244611603575
34.306,-37.14535888377808,-1.5349176057767986
34.467,-36.37597607265524,-0.6020695322216136
34.626,-26.396009606437502,0.9147999404894827
35.007,-18.13341813588785,6.504275181136029
35.367,-23.52195900517718,8.131469020033446
35.607,-31.446864780345315,9.749842171717189
35.706,-23.9197636214768,10.52313272814353
35.967,-21.982421316344308,11.98182024694956
36.387,-23.081038955586926,10.670857646699545
36.586,-20.618277961954874,9.405467171329525
36.727,-19.92009385719273,9.322187783526234
37.027,-16.849885568701637,9.085477846982384
37.367,-13.730136069896497,8.44158465140053
37.547,-16.016417312783954,8.156973378481439
37.827,-11.743014035137405,8.08309647550216
38.027,-7.591775141891893,7.594764639432412
38.528,-8.700910751414268,6.667758765552732
38.907,-9.433883726484252,5.730013619544338
39.088,-14.10323088966721,5.366422621495534
39.407,-20.60742085519604,4.782231671562434
39.648,-18.87741795963281,4.3913998091719195
39.827,-16.426181127888466,4.102935998791326
40.087,-13.049804907928854,3.8260077426821097
40.327,-16.978276259524286,3.6353195997002694
40.708,-22.79257333716383,3.3219717355169696
40.826,-24.939330388134167,3.253334670421189
41.047,-22.199783375558127,2.9768814104288372
41.307,-13.748094721974258,2.347547499000341
41.567,-19.69685325347954,2.780464878266071
41.786,-21.154040939358968,2.7229432550657653
41.867,-17.307302488713745,2.687211963919441
42.147,-11.755726421162679,2.806941550482078
42.407,-6.448322100230243,2.741687229224814
42.707,-4.769746483875483,2.366822421523847
42.947,-3.5678335702464463,2.261174355425845
43.347,-1.1365477671979134,1.9402159337987022
43.587,0.21636571175148644,1.9964072976377307
43.867,0.8878042546611282,1.9442268359299657
44.207,1.2285864436169338,1.5168117118736637
44.506,1.2867653084415198,1.1400069941563362
44.887,1.1298543851839327,0.8087615614442002
45.187,-0.35641727047560645,0.4816770610439197
45.367,-3.897118457989526,0.3857970046868497
45.527,-10.865981645725524,0.17003993905947606
45.767,-19.044154856873522,-0.15240231271503618
46.107,-31.245453816977182,-0.7265047894795248
46.287,-43.581126369225494,-1.445250094608332
46.448,-50.1054964374392,-1.8321418084628565
46.768,-44.200321879980415,-1.926639811661866
47.067,-44.4487442255479,-1.9221896730469754
47.426,-42.241506207807795,-1.774067949288642
47.646,-42.88053590392443,-1.7422550248602202
47.926,-43.275340453696025,-1.9163824049568658
48.226,-29.92694982042483,-0.8874298457108789
48.447,-27.482320417911517,-0.274358576959873
48.747,-17.971415732214776,0.48429237120178537
48.947,-8.920591832784874,0.955167661816578
49.207,-11.968437731942215,1.395744082258552
49.646,-10.43693046171332,1.097477993849409
49.727,-8.009600465634161,1.0545782884650103
50.047,-6.817785457271558,0.8493919386175355
50.466,-4.873909774792417,0.8980783944875833
50.867,-6.139910525064072,1.041832827679487
51.147,-6.515162617814077,1.0069963195439156
51.327,-4.147700427452571,0.9078615064222526
51.607,1.3377747881719457,0.6820199942109454
51.827,7.501218849423895,0.6693377262203591
52.007,10.269109114111547,0.5498376133135092
52.187,12.858444566603579,0.47699696110583495
52.487,18.513970965975492,0.4641229967916136
52.688,19.271660574439807,0.4129838723100325
52.787,20.930423127783,0.32522023033678493
53.067,13.180361202330316,0.08092273239270173
53.307,6.485376310742178,-0.008076349692211396
53.687,2.0459546755051,-0.3366679763579775
53.907,-9.092304992309705,-0.6792871096843085
54.087,-28.502161591854513,-1.5848787431639593
54.427,-32.85803361250914,-2.8948348242228428
54.607,-35.937782052631576,-3.1406065026653494
54.947,-35.993621859634914,-3.064666948514494
55.127,-24.277337347621266,-2.9499025890365
55.346,-16.924852312830414,-2.444899422286104
55.547,0.9425986464603148,-1.7251128616178488
55.727,23.39933827344031,-1.646418883414283
55.866,37.679078619346804,-3.153001287364062
56.146,31.971304841657542,-6.1855029490397015
56.387,33.65705968828814,-6.469380545444154
56.807,32.64173837512316,-6.267948816002629
56.927,25.165377497130294,-5.63125740306355
57.267,10.982581321466872,-5.647925576305483
57.566,-10.082386892965996,-7.654709795042203
57.747,-32.130066301071174,-7.909727781259469
58.027,-42.72506890766528,-8.138589377499608
58.207,-39.554578835492556,-7.343030480098164
58.507,-55.68236307036055,-5.0488773440173444
58.847,-45.25228149270252,-1.9897260922750108
58.948,-30.312704541661756,-0.9120370370370154
59.287,-31.52379797947847,2.9238815452138374
59.707,-30.51973969110589,4.485676439388355
59.927,-25.789091033737947,5.154712300865451
60.048,-10.278599490972963,5.118891963530453
60.328,10.49555722997501,4.625268999968876
60.667,16.300507051918242,4.366077368226228
60.806,18.89716255704955,4.414771658062562
61.127,18.80766973754873,3.753959605843149
61.467,18.126176803347935,3.9239569432238426
61.727,21.026769103497276,4.7378431085102495
61.807,18.75913948359306,4.889352046673831
62.087,11.617357720075434,5.029031435189763
62.347,7.10823192878079,4.014503911109039
62.607,6.036441050721676,4.21308199861043
62.767,4.978717671214318,4.208282481304743
62.986,2.779284170271695,4.325923238131931
63.187,0.8761980810725835,4.441680329024021
63.347,0.634440939118708,4.150513584383656
63.787,0.24161109857973315,2.7490254623360553
63.847,-0.06456807625224241,2.55869953873145
64.247,-0.2792150557680753,3.0425948798463422
64.567,-0.31428276007679695,3.2481145921660906
64.807,-0.266880593806835,2.156191243400942
65.007,-0.13296847466898903,1.8035738847763343
65.287,0.028830134938804396,1.7784978545687862
65.607,0.06209079194814411,1.733742059358809
65.807,-0.035956609043150754,1.6153808820365612
66.068,-0.1874448054520233,1.4777412666680168
66.227,-0.4835232472532641,1.4010707874416612
66.628,-0.9002570368648397,1.1464676486415721
66.928,-0.8587711972128617,1.0146465801409428
67.047,-1.1831067530206827,0.9944173974433662
67.506,-1.1472839270886868,1.1802130518206129
67.747,-1.273216937972406,1.0499671780275033
68.146,-2.4854659211461008,0.9350996605968858
68.307,-3.458434024571674,0.822335408099292
68.527,-3.992096509519922,0.5038575666509026
68.767,-5.011864331810405,0.41785941475827404
69.107,-8.507356748940921,-0.1610861293132641
69.486,-12.119899477067221,-1.4786335835789504
69.647,-24.831115111023166,-3.2729284493932798
70.007,-33.31212475349843,-10.099161764798339
70.147,-36.64938554528539,-12.66869788364202
70.427,-49.04784098942461,-15.905330982628456
70.587,-48.655405461558686,-16.059634904124387
70.887,-54.990034815964336,-14.917325609435167
71.147,-54.371271017836186,-10.210649251848885
71.387,-45.028568535294056,-6.0642968919071105
71.587,-41.559494191584804,-3.3874540914415094
71.927,-43.39943175125891,-0.7384369395023782
72.187,-42.44560646920332,1.6213438316971016
72.387,-43.25396000715047,2.1801103412948213
72.608,-40.77136579598358,2.4142186886328654
72.848,-26.16054314814383,2.628188672187016
72.987,-16.89124346075011,3.0644891625479134
73.347,-7.032193632999048,3.746717177050684
73.607,0.9258292892664308,3.8649516697275867
73.907,4.422812844329965,3.8511700306522987
74.046,6.061198776197714,3.7466043545716747
74.547,6.504566059159973,3.257013023973244
74.807,4.8394555825740735,2.980237285724057
75.067,5.851980384953713,2.236292878945264
75.347,4.225180932892884,1.6631799320897411
75.526,3.9000748745255494,1.4046171322913044
75.987,4.03778569850574,-0.8785537777518333
76.207,3.1491160125085096,-4.98783261072831
76.487,5.673859490597226,-21.07198755102198
76.807,9.997393873378977,-30.69475448357827
76.967,12.598651766326565,-32.05569702873745
77.067,20.655500896077125,-31.258618714257974
77.467,21.577813749921486,-22.081179447851305
77.767,23.479919964281233,-16.502523760886675
78.027,26.569513050299214,-12.094108421696275
78.247,24.02607457885666,-8.057489437458772
78.727,14.476795965566446,-4.368709930546065
79.047,11.00892257793645,0.6671733796707766
79.507,6.78110762045599,7.604502864625961
79.668,-3.8222376194254277,7.133234275044205
80.127,-24.68751782160357,4.402421107052645
80.287,-26.36761436363073,2.4115291526835874
80.447,-29.77641348590276,1.5599337344333388
80.767,-30.31000347492802,3.229417860469299
81.007,-31.85474768204514,5.534132181656168
81.067,-34.59874824720117,5.910536633736432
81.246,-26.212317015386486,6.8520874645768
81.547,-16.840863210947894,9.220756567711337
81.867,-17.89088619135403,10.945839857623787
82.167,-20.506066713639846,9.602298142623075
82.447,-21.962490814360603,9.81488779644736
82.807,-25.135583210314053,8.80160572949959
83.107,-29.62323940708263,8.071483128332227
83.426,-29.21004102390681,6.529520871798834
83.727,-21.903521330329752,6.355504563466761
84.087,-21.554084606311747,5.4220161528869415
84.567,-20.437540935250812,4.830941990298701
84.808,-21.10182665609236,4.595528428567353
85.147,-17.973163120984715,4.415385115298883
85.327,-8.427519766977593,4.384677888145653
85.587,-3.547609787039943,4.350473809014366
