lap_number,lap_duration,stint_number,compound,construction,tyre_age_at_start,tyre_age_laps,clean_lap,is_pit_in_lap,is_pit_out_lap,is_slow_lap,excluded_reasons,longitudinal_axis_mps2,lateral_axis_mps2,coverage,sample_count,area_proxy
1,99.682,1,SOFT,C3,3,3,False,False,False,False,standing start,,,,,
2,96.635,1,SOFT,C3,3,4,True,False,False,False,,22.695291565782576,38.700607071676956,0.9507772020725389,386,2759.3285643580566
3,96.406,1,SOFT,C3,3,5,True,False,False,False,,23.950942734916254,38.110533185347236,0.9521276595744681,376,2867.5929889037134
4,97.738,1,SOFT,C3,3,6,True,False,False,False,,21.72561500553697,36.026258717328716,0.9512820512820512,390,2458.9014069472873
5,98.116,1,SOFT,C3,3,7,True,False,False,False,,21.831266068335957,38.29498085621655,0.9516129032258065,372,2626.459159585061
6,97.784,1,SOFT,C3,3,8,True,False,False,False,,23.110276177674873,35.844456143744544,0.9510869565217391,368,2602.417696955197
7,98.082,1,SOFT,C3,3,9,True,False,False,False,,22.6451437441506,36.09391971967199,0.9505208333333334,384,2567.787039670734
8,97.862,1,SOFT,C3,3,10,True,False,False,False,,21.88447465951616,34.97250245925429,0.95,380,2404.433154826692
9,97.73,1,SOFT,C3,3,11,True,False,False,False,,22.22677936976914,37.23326261862607,0.9508196721311475,366,2599.905153316652
10,97.782,1,SOFT,C3,3,12,True,False,False,False,,22.313934071793533,37.570267004947816,0.9517426273458445,373,2633.7242335100814
11,100.515,1,SOFT,C3,3,13,False,True,False,False,pit-in lap,,,,,
12,118.46,2,HARD,C1,0,0,False,False,True,False,pit/out lap,,,,,
13,97.167,2,HARD,C1,0,1,True,False,False,False,,23.47951643259981,32.280058137044875,0.9501312335958005,381,2381.0763924448224
14,97.571,2,HARD,C1,0,2,True,False,False,False,,22.776830976302207,38.00462613882097,0.9523809523809523,378,2719.440970745326
15,96.922,2,HARD,C1,0,3,True,False,False,False,,23.59049240754912,39.11638873681731,0.9514824797843666,371,2898.9827572424906
16,96.683,2,HARD,C1,0,4,True,False,False,False,,21.11120546411288,40.62200281307506,0.9514824797843666,371,2694.165292922874
17,96.234,2,HARD,C1,0,5,True,False,False,False,,23.50811289457156,39.374521481246795,0.9501385041551247,361,2907.9231790382833
18,97.819,2,HARD,C1,0,6,True,False,False,False,,23.030782645028207,33.655564688056224,0.952112676056338,355,2435.0924327834487
19,97.233,2,HARD,C1,0,7,True,False,False,False,,24.491883594303168,35.667273103930285,0.95,380,2744.3655975023407
20,96.732,2,HARD,C1,0,8,True,False,False,False,,21.830993378515508,38.62449079662773,0.9518716577540107,374,2649.0254919159092
21,96.769,2,HARD,C1,0,9,True,False,False,False,,24.263560456072742,37.14137557817195,0.9521276595744681,376,2831.146787700902
22,96.992,2,HARD,C1,0,10,True,False,False,False,,22.11777671482793,37.652007640790075,0.952,375,2616.2514392755847
23,96.954,2,HARD,C1,0,11,True,False,False,False,,27.499666397324592,30.891050707186018,0.95,380,2668.762818821027
24,96.736,2,HARD,C1,0,12,True,False,False,False,,25.373123318299523,32.546557521706845,0.9512195121951219,369,2594.351773000161
25,96.928,2,HARD,C1,0,13,True,False,False,False,,26.83289159212901,31.739261102383995,0.9501312335958005,381,2675.5567116844254
26,96.801,2,HARD,C1,0,14,True,False,False,False,,20.49400773961678,40.445620991108854,0.9516129032258065,372,2604.043749828093
27,96.815,2,HARD,C1,0,15,True,False,False,False,,19.736863093955236,40.54859385724289,0.9522546419098143,377,2514.2230271500475
28,96.911,2,HARD,C1,0,16,True,False,False,False,,21.574379064549042,36.10529617379122,0.9509536784741145,367,2447.141542570318
29,97.066,2,HARD,C1,0,17,True,False,False,False,,22.0831492240421,38.6880741648395,0.9502762430939227,362,2684.0338678003172
30,97.186,2,HARD,C1,0,18,True,False,False,False,,28.44754741630645,30.76483112378896,0.9501312335958005,381,2749.471600273576
31,99.405,2,HARD,C1,0,19,False,True,False,False,pit-in lap,,,,,
32,117.267,3,HARD,C1,0,0,False,False,True,False,pit/out lap,,,,,
33,95.838,3,HARD,C1,0,1,True,False,False,False,,21.113826259140193,38.2970351474126,0.9502762430939227,362,2540.2822263452254
34,95.241,3,HARD,C1,0,2,True,False,False,False,,22.70384653171298,38.888610982056115,0.952513966480447,358,2773.778301872457
35,95.772,3,HARD,C1,0,3,True,False,False,False,,23.54274460238068,33.288833850189555,0.9504132231404959,363,2462.0991915833442
36,95.434,3,HARD,C1,0,4,True,False,False,False,,23.07579628752224,36.219056391124546,0.9505494505494505,364,2625.6915141029986
37,95.481,3,HARD,C1,0,5,True,False,False,False,,29.543198541443928,33.24715648719896,0.9506849315068493,365,3085.758211331962
38,95.479,3,HARD,C1,0,6,True,False,False,False,,25.143508974932,35.66918527431446,0.9510869565217391,368,2817.532596381256
39,95.204,3,HARD,C1,0,7,True,False,False,False,,30.690877175233453,32.627126103427344,0.9523809523809523,357,3145.849888064626
40,95.065,3,HARD,C1,0,8,True,False,False,False,,22.884604897776427,41.50061213429855,0.9510869565217391,368,2983.6494338756456
41,95.093,3,HARD,C1,0,9,True,False,False,False,,22.547539346218354,42.049772437046094,0.9501385041551247,361,2978.603366332095
42,95.136,3,HARD,C1,0,10,True,False,False,False,,25.211978606542353,38.43682884477467,0.9502762430939227,362,3044.4185009643506
43,95.193,3,HARD,C1,0,11,True,False,False,False,,26.036908543065582,37.93807546790453,0.9513513513513514,370,3103.2344395593313
44,95.162,3,HARD,C1,0,12,True,False,False,False,,27.008366782380946,37.077262961434286,0.9517426273458445,373,3145.979313916136
45,95.276,3,HARD,C1,0,13,True,False,False,False,,25.96065844989406,37.291886921156994,0.9512195121951219,369,3041.4447723223993
46,96.657,3,HARD,C1,0,14,True,False,False,False,,25.247901915702133,38.59371744877444,0.95,380,3061.200531316074
47,95.805,3,HARD,C1,0,15,True,False,False,False,,27.651360942456165,34.35606556134642,0.9525065963060686,379,2984.4877920346985
48,96.059,3,HARD,C1,0,16,True,False,False,False,,22.75967997536836,35.54167223205441,0.9523809523809523,357,2541.2879740842527
49,95.954,3,HARD,C1,0,17,True,False,False,False,,24.16527169472645,39.019974654062786,0.95,360,2962.2965856999003
50,96.181,3,HARD,C1,0,18,True,False,False,False,,22.43643494266017,38.107028949871946,0.9508196721311475,366,2686.0173466249325
51,95.852,3,HARD,C1,0,19,True,False,False,False,,28.284353854301177,34.85307364760418,0.9510869565217391,368,3096.971569992839
52,96.186,3,HARD,C1,0,20,True,False,False,False,,27.101971903716855,34.795855497680364,0.9505494505494505,364,2962.635906066141
53,95.979,3,HARD,C1,0,21,True,False,False,False,,26.635761979005498,37.12698482040096,0.9512195121951219,369,3106.7383502608545
54,96.013,3,HARD,C1,0,22,True,False,False,False,,25.26242722240096,36.90480961493502,0.9508196721311475,366,2928.9227495609434
55,96.151,3,HARD,C1,0,23,True,False,False,False,,23.383774408963195,39.593978236597835,0.9506849315068493,365,2908.6644657446072
56,96.35,3,HARD,C1,0,24,True,False,False,False,,26.435353088524888,36.077550866228755,0.95,380,2996.2085285887065
57,96.44,3,HARD,C1,0,25,True,False,False,False,,24.790129114924266,36.26084781303735,0.9514824797843666,371,2824.0125051685886
